<?xml version="1.0" encoding="UTF-8" ?>
<NotepadPlus>
    <!--
    You can organize you Macro menu & Run menu by adding the attribute 'FolderName="My sub-menu name"' to any Macro or Command node.
    This will place the corresponding node within a "My sub-menu name" sub-menu in the appropriate menu. Please consider the following examples:
    -->
    <InternalCommands>
        <Shortcut id="49000" Ctrl="no" Alt="no" Shift="no" Key="0" />
    </InternalCommands>
    <Macros>
        <Macro name="Trim Trailing Space and Save" Ctrl="no" Alt="yes" Shift="yes" Key="83">
            <Action type="2" message="0" wParam="42024" lParam="0" sParam="" />
            <Action type="2" message="0" wParam="41006" lParam="0" sParam="" />
        </Macro>
        <Macro name="日付挿入" Ctrl="no" Alt="no" Shift="no" Key="0">
            <Action type="2" message="0" wParam="42086" lParam="0" sParam="" />
            <Action type="3" message="1700" wParam="0" lParam="0" sParam="" />
            <Action type="3" message="1601" wParam="0" lParam="0" sParam="^\s*DATETAG_" />
            <Action type="3" message="1625" wParam="0" lParam="2" sParam="" />
            <Action type="3" message="1602" wParam="0" lParam="0" sParam="&apos; " />
            <Action type="3" message="1702" wParam="0" lParam="0" sParam="" />
            <Action type="3" message="1701" wParam="0" lParam="1635" sParam="" />
        </Macro>
        <Macro name="日付挿入" Ctrl="no" Alt="no" Shift="no" Key="117">
            <Action type="2" message="0" wParam="42086" lParam="0" sParam="" />
            <Action type="3" message="1700" wParam="0" lParam="0" sParam="" />
            <Action type="3" message="1601" wParam="0" lParam="0" sParam="^\s*DATETAG_" />
            <Action type="3" message="1625" wParam="0" lParam="2" sParam="" />
            <Action type="3" message="1602" wParam="0" lParam="0" sParam="&apos; " />
            <Action type="3" message="1702" wParam="0" lParam="0" sParam="" />
            <Action type="3" message="1701" wParam="0" lParam="1635" sParam="" />
        </Macro>
    </Macros>
    <UserDefinedCommands>
        <Command name="Get PHP help" Ctrl="no" Alt="yes" Shift="no" Key="112">https://www.php.net/$(CURRENT_WORD)</Command>
        <Command name="Wikipedia Search" Ctrl="no" Alt="yes" Shift="no" Key="114">https://en.wikipedia.org/wiki/Special:Search?search=$(CURRENT_WORD)</Command>
        <Command name="Open selected file path in new instance" Ctrl="no" Alt="yes" Shift="no" Key="117">$(NPP_FULL_FILE_PATH) $(CURRENT_WORD) -nosession -multiInst</Command>
    </UserDefinedCommands>
    <PluginCommands>
        <PluginCommand moduleName="NppExec.dll" internalID="25" Ctrl="no" Alt="no" Shift="no" Key="116" />
        <PluginCommand moduleName="NppExec.dll" internalID="0" Ctrl="no" Alt="no" Shift="no" Key="0" />
    </PluginCommands>
    <ScintillaKeys />
</NotepadPlus>
